[
    {
        "_id": 1,
        "topic": "Space",
        "userName": "SpaceX",
        "time": "2h",
        "title": "Tesla Cybertruck lands on Mars and picks up the Curiosity rover on its 6' bed",
        "image": "tesla.png"
    },
    { 
        "_id": 2,
        "topic": "Space",
        "userName": "SpaceX",
        "title": "100s of SpaceX Starships land on Mars after a 6 month journey. 1000s of Martian colonists being building Mars Base 1",
        "time": "2h",
        "image": "spacex.png"
    },
    {
        "_id": 3,
        "topic": "Energy",
        "userName": "Tesla",
        "title": "Tesla FSD finally makes driving obsolete. After years of delay, Tesla Full Self Driving can drive you to work while you work, play, or sleep",
        "time": "4d",
        "image": "tesla.png"
    }
]